{"v":"5.7.1","fr":29.9700012207031,"ip":0,"op":100.000004073084,"w":1000,"h":1000,"nm":"infinity flat","ddd":0,"assets":[],"layers":[{"ddd":0,"ind":1,"ty":4,"nm":"red Outlines","sr":1,"ks":{"o":{"a":0,"k":100,"ix":11},"r":{"a":0,"k":0,"ix":10},"p":{"a":0,"k":[499.751,499.625,0],"ix":2},"a":{"a":0,"k":[538.414,328.595,0],"ix":1},"s":{"a":0,"k":[100,100,100],"ix":6}},"ao":0,"shapes":[{"ty":"gr","it":[{"ind":0,"ty":"sh","ix":1,"ks":{"a":0,"k":{"i":[[0,0],[-2.532,-156.217],[0,-1.189],[0.02,-1.183],[114.885,105.883],[0,0],[2.533,-156.217],[0,-1.189],[-0.019,-1.183],[-114.885,105.883]],"o":[[114.885,-105.883],[0.02,1.184],[0,1.188],[-2.532,156.217],[0,0],[-114.885,-105.883],[-0.019,1.184],[0,1.188],[2.533,156.217],[0,0]],"v":[[144.348,-133.037],[448.709,-3.559],[448.739,0.001],[448.709,3.559],[144.348,133.038],[-144.349,-133.037],[-448.711,-3.559],[-448.739,0.001],[-448.711,3.559],[-144.349,133.038]],"c":true},"ix":2},"nm":"Path 1","mn":"ADBE Vector Shape - Group","hd":false},{"ty":"st","c":{"a":0,"k":[0.987999949736,0.368999974868,0.349000010771,1],"ix":3},"o":{"a":0,"k":100,"ix":4},"w":{"a":0,"k":35.87,"ix":5},"lc":2,"lj":1,"ml":10,"bm":0,"nm":"Stroke 1","mn":"ADBE Vector Graphic - Stroke","hd":false},{"ty":"tr","p":{"a":0,"k":[538.414,328.595],"ix":2},"a":{"a":0,"k":[0,0],"ix":1},"s":{"a":0,"k":[100,100],"ix":3},"r":{"a":0,"k":0,"ix":6},"o":{"a":0,"k":100,"ix":7},"sk":{"a":0,"k":0,"ix":4},"sa":{"a":0,"k":0,"ix":5},"nm":"Transform"}],"nm":"Group 1","np":2,"cix":2,"bm":0,"ix":1,"mn":"ADBE Vector Group","hd":false},{"ty":"tm","s":{"a":0,"k":0,"ix":1},"e":{"a":1,"k":[{"i":{"x":[0.667],"y":[1]},"o":{"x":[0.333],"y":[0]},"t":0,"s":[1.956]},{"i":{"x":[0.702],"y":[1.071]},"o":{"x":[0.387],"y":[0.107]},"t":18,"s":[8.014]},{"i":{"x":[0.667],"y":[1]},"o":{"x":[0.333],"y":[0]},"t":46,"s":[1.956]},{"i":{"x":[0.667],"y":[1]},"o":{"x":[0.333],"y":[0]},"t":74,"s":[8]},{"t":100.000004073084,"s":[1.956]}],"ix":2},"o":{"a":1,"k":[{"i":{"x":[0.833],"y":[0.833]},"o":{"x":[0.167],"y":[0.167]},"t":0,"s":[0]},{"t":100.000004073084,"s":[360]}],"ix":3},"m":1,"ix":2,"nm":"Trim Paths 1","mn":"ADBE Vector Filter - Trim","hd":false}],"ip":0,"op":200.000008146167,"st":0,"bm":0},{"ddd":0,"ind":2,"ty":4,"nm":"yellow Outlines","sr":1,"ks":{"o":{"a":0,"k":100,"ix":11},"r":{"a":0,"k":0,"ix":10},"p":{"a":0,"k":[499.751,499.625,0],"ix":2},"a":{"a":0,"k":[538.414,328.595,0],"ix":1},"s":{"a":0,"k":[100,100,100],"ix":6}},"ao":0,"shapes":[{"ty":"gr","it":[{"ind":0,"ty":"sh","ix":1,"ks":{"a":0,"k":{"i":[[0,0],[-2.532,-156.217],[0,-1.189],[0.02,-1.183],[114.885,105.883],[0,0],[2.533,-156.217],[0,-1.189],[-0.019,-1.183],[-114.885,105.883]],"o":[[114.885,-105.883],[0.02,1.184],[0,1.188],[-2.532,156.217],[0,0],[-114.885,-105.883],[-0.019,1.184],[0,1.188],[2.533,156.217],[0,0]],"v":[[144.348,-133.037],[448.709,-3.559],[448.739,0.001],[448.709,3.559],[144.348,133.038],[-144.349,-133.037],[-448.711,-3.559],[-448.739,0.001],[-448.711,3.559],[-144.349,133.038]],"c":true},"ix":2},"nm":"Path 1","mn":"ADBE Vector Shape - Group","hd":false},{"ty":"st","c":{"a":0,"k":[0.961000031116,0.816000007181,0.097999999102,1],"ix":3},"o":{"a":0,"k":100,"ix":4},"w":{"a":0,"k":35.87,"ix":5},"lc":2,"lj":1,"ml":10,"bm":0,"nm":"Stroke 1","mn":"ADBE Vector Graphic - Stroke","hd":false},{"ty":"tr","p":{"a":0,"k":[538.414,328.595],"ix":2},"a":{"a":0,"k":[0,0],"ix":1},"s":{"a":0,"k":[100,100],"ix":3},"r":{"a":0,"k":0,"ix":6},"o":{"a":0,"k":100,"ix":7},"sk":{"a":0,"k":0,"ix":4},"sa":{"a":0,"k":0,"ix":5},"nm":"Transform"}],"nm":"Group 1","np":2,"cix":2,"bm":0,"ix":1,"mn":"ADBE Vector Group","hd":false},{"ty":"tm","s":{"a":0,"k":0,"ix":1},"e":{"a":1,"k":[{"i":{"x":[0.667],"y":[1]},"o":{"x":[0.333],"y":[0]},"t":0,"s":[1.956]},{"i":{"x":[0.702],"y":[1.071]},"o":{"x":[0.387],"y":[0.107]},"t":18,"s":[8.014]},{"i":{"x":[0.667],"y":[1]},"o":{"x":[0.333],"y":[0]},"t":46,"s":[1.956]},{"i":{"x":[0.667],"y":[1]},"o":{"x":[0.333],"y":[0]},"t":74,"s":[8]},{"t":100.000004073084,"s":[1.956]}],"ix":2},"o":{"a":1,"k":[{"i":{"x":[0.833],"y":[0.833]},"o":{"x":[0.167],"y":[0.167]},"t":0,"s":[20]},{"t":100.000004073084,"s":[380]}],"ix":3},"m":1,"ix":2,"nm":"Trim Paths 1","mn":"ADBE Vector Filter - Trim","hd":false}],"ip":0,"op":200.000008146167,"st":0,"bm":0},{"ddd":0,"ind":3,"ty":4,"nm":"green Outlines","sr":1,"ks":{"o":{"a":0,"k":100,"ix":11},"r":{"a":0,"k":0,"ix":10},"p":{"a":0,"k":[499.751,499.625,0],"ix":2},"a":{"a":0,"k":[538.414,328.595,0],"ix":1},"s":{"a":0,"k":[100,100,100],"ix":6}},"ao":0,"shapes":[{"ty":"gr","it":[{"ind":0,"ty":"sh","ix":1,"ks":{"a":0,"k":{"i":[[0,0],[-2.532,-156.217],[0,-1.189],[0.02,-1.183],[114.885,105.883],[0,0],[2.533,-156.217],[0,-1.189],[-0.019,-1.183],[-114.885,105.883]],"o":[[114.885,-105.883],[0.02,1.184],[0,1.188],[-2.532,156.217],[0,0],[-114.885,-105.883],[-0.019,1.184],[0,1.188],[2.533,156.217],[0,0]],"v":[[144.348,-133.037],[448.709,-3.559],[448.739,0.001],[448.709,3.559],[144.348,133.038],[-144.349,-133.037],[-448.711,-3.559],[-448.739,0.001],[-448.711,3.559],[-144.349,133.038]],"c":true},"ix":2},"nm":"Path 1","mn":"ADBE Vector Shape - Group","hd":false},{"ty":"st","c":{"a":0,"k":[0.275,0.769000004787,0.40800000359,1],"ix":3},"o":{"a":0,"k":100,"ix":4},"w":{"a":0,"k":35.87,"ix":5},"lc":2,"lj":1,"ml":10,"bm":0,"nm":"Stroke 1","mn":"ADBE Vector Graphic - Stroke","hd":false},{"ty":"tr","p":{"a":0,"k":[538.414,328.595],"ix":2},"a":{"a":0,"k":[0,0],"ix":1},"s":{"a":0,"k":[100,100],"ix":3},"r":{"a":0,"k":0,"ix":6},"o":{"a":0,"k":100,"ix":7},"sk":{"a":0,"k":0,"ix":4},"sa":{"a":0,"k":0,"ix":5},"nm":"Transform"}],"nm":"Group 1","np":2,"cix":2,"bm":0,"ix":1,"mn":"ADBE Vector Group","hd":false},{"ty":"tm","s":{"a":0,"k":0,"ix":1},"e":{"a":1,"k":[{"i":{"x":[0.667],"y":[1]},"o":{"x":[0.333],"y":[0]},"t":0,"s":[1.956]},{"i":{"x":[0.702],"y":[1.071]},"o":{"x":[0.387],"y":[0.107]},"t":18,"s":[8.014]},{"i":{"x":[0.667],"y":[1]},"o":{"x":[0.333],"y":[0]},"t":46,"s":[1.956]},{"i":{"x":[0.667],"y":[1]},"o":{"x":[0.333],"y":[0]},"t":74,"s":[8]},{"t":100.000004073084,"s":[1.956]}],"ix":2},"o":{"a":1,"k":[{"i":{"x":[0.833],"y":[0.833]},"o":{"x":[0.167],"y":[0.167]},"t":0,"s":[40]},{"t":100.000004073084,"s":[400]}],"ix":3},"m":1,"ix":2,"nm":"Trim Paths 1","mn":"ADBE Vector Filter - Trim","hd":false}],"ip":0,"op":200.000008146167,"st":0,"bm":0},{"ddd":0,"ind":4,"ty":4,"nm":"blue Outlines","sr":1,"ks":{"o":{"a":0,"k":100,"ix":11},"r":{"a":0,"k":0,"ix":10},"p":{"a":0,"k":[499.751,499.625,0],"ix":2},"a":{"a":0,"k":[538.414,328.595,0],"ix":1},"s":{"a":0,"k":[100,100,100],"ix":6}},"ao":0,"shapes":[{"ty":"gr","it":[{"ind":0,"ty":"sh","ix":1,"ks":{"a":0,"k":{"i":[[0,0],[-2.532,-156.217],[0,-1.189],[0.02,-1.183],[114.885,105.883],[0,0],[2.533,-156.217],[0,-1.189],[-0.019,-1.183],[-114.885,105.883]],"o":[[114.885,-105.883],[0.02,1.184],[0,1.188],[-2.532,156.217],[0,0],[-114.885,-105.883],[-0.019,1.184],[0,1.188],[2.533,156.217],[0,0]],"v":[[144.348,-133.037],[448.709,-3.559],[448.739,0.001],[448.709,3.559],[144.348,133.038],[-144.349,-133.037],[-448.711,-3.559],[-448.739,0.001],[-448.711,3.559],[-144.349,133.038]],"c":true},"ix":2},"nm":"Path 1","mn":"ADBE Vector Shape - Group","hd":false},{"ty":"st","c":{"a":0,"k":[0.156999999402,0.588000009574,0.709999952129,1],"ix":3},"o":{"a":0,"k":100,"ix":4},"w":{"a":0,"k":35.87,"ix":5},"lc":2,"lj":1,"ml":10,"bm":0,"nm":"Stroke 1","mn":"ADBE Vector Graphic - Stroke","hd":false},{"ty":"tr","p":{"a":0,"k":[538.414,328.595],"ix":2},"a":{"a":0,"k":[0,0],"ix":1},"s":{"a":0,"k":[100,100],"ix":3},"r":{"a":0,"k":0,"ix":6},"o":{"a":0,"k":100,"ix":7},"sk":{"a":0,"k":0,"ix":4},"sa":{"a":0,"k":0,"ix":5},"nm":"Transform"}],"nm":"Group 1","np":2,"cix":2,"bm":0,"ix":1,"mn":"ADBE Vector Group","hd":false},{"ty":"tm","s":{"a":0,"k":0,"ix":1},"e":{"a":1,"k":[{"i":{"x":[0.667],"y":[1]},"o":{"x":[0.333],"y":[0]},"t":0,"s":[1.956]},{"i":{"x":[0.702],"y":[1.071]},"o":{"x":[0.387],"y":[0.107]},"t":18,"s":[8.014]},{"i":{"x":[0.667],"y":[1]},"o":{"x":[0.333],"y":[0]},"t":46,"s":[1.956]},{"i":{"x":[0.667],"y":[1]},"o":{"x":[0.333],"y":[0]},"t":74,"s":[8]},{"t":100.000004073084,"s":[1.956]}],"ix":2},"o":{"a":1,"k":[{"i":{"x":[0.833],"y":[0.833]},"o":{"x":[0.167],"y":[0.167]},"t":0,"s":[60]},{"t":100.000004073084,"s":[420]}],"ix":3},"m":1,"ix":2,"nm":"Trim Paths 1","mn":"ADBE Vector Filter - Trim","hd":false}],"ip":0,"op":200.000008146167,"st":0,"bm":0},{"ddd":0,"ind":5,"ty":4,"nm":"violet Outlines","sr":1,"ks":{"o":{"a":0,"k":100,"ix":11},"r":{"a":0,"k":0,"ix":10},"p":{"a":0,"k":[499.751,499.625,0],"ix":2},"a":{"a":0,"k":[538.414,328.595,0],"ix":1},"s":{"a":0,"k":[100,100,100],"ix":6}},"ao":0,"shapes":[{"ty":"gr","it":[{"ind":0,"ty":"sh","ix":1,"ks":{"a":0,"k":{"i":[[0,0],[-2.532,-156.217],[0,-1.189],[0.02,-1.183],[114.885,105.883],[0,0],[2.533,-156.217],[0,-1.189],[-0.019,-1.183],[-114.885,105.883]],"o":[[114.885,-105.883],[0.02,1.184],[0,1.188],[-2.532,156.217],[0,0],[-114.885,-105.883],[-0.019,1.184],[0,1.188],[2.533,156.217],[0,0]],"v":[[144.348,-133.037],[448.709,-3.559],[448.739,0.001],[448.709,3.559],[144.348,133.038],[-144.349,-133.037],[-448.711,-3.559],[-448.739,0.001],[-448.711,3.559],[-144.349,133.038]],"c":true},"ix":2},"nm":"Path 1","mn":"ADBE Vector Shape - Group","hd":false},{"ty":"st","c":{"a":0,"k":[0.510000011968,0.250999989229,0.651000019148,1],"ix":3},"o":{"a":0,"k":100,"ix":4},"w":{"a":0,"k":35.87,"ix":5},"lc":2,"lj":1,"ml":10,"bm":0,"nm":"Stroke 1","mn":"ADBE Vector Graphic - Stroke","hd":false},{"ty":"tr","p":{"a":0,"k":[538.414,328.595],"ix":2},"a":{"a":0,"k":[0,0],"ix":1},"s":{"a":0,"k":[100,100],"ix":3},"r":{"a":0,"k":0,"ix":6},"o":{"a":0,"k":100,"ix":7},"sk":{"a":0,"k":0,"ix":4},"sa":{"a":0,"k":0,"ix":5},"nm":"Transform"}],"nm":"Group 1","np":2,"cix":2,"bm":0,"ix":1,"mn":"ADBE Vector Group","hd":false},{"ty":"tm","s":{"a":0,"k":0,"ix":1},"e":{"a":1,"k":[{"i":{"x":[0.667],"y":[1]},"o":{"x":[0.333],"y":[0]},"t":0,"s":[1.956]},{"i":{"x":[0.702],"y":[1.071]},"o":{"x":[0.387],"y":[0.107]},"t":18,"s":[8.014]},{"i":{"x":[0.667],"y":[1]},"o":{"x":[0.333],"y":[0]},"t":46,"s":[1.956]},{"i":{"x":[0.667],"y":[1]},"o":{"x":[0.333],"y":[0]},"t":74,"s":[8]},{"t":100.000004073084,"s":[1.956]}],"ix":2},"o":{"a":1,"k":[{"i":{"x":[0.833],"y":[0.833]},"o":{"x":[0.167],"y":[0.167]},"t":0,"s":[80]},{"t":100.000004073084,"s":[440]}],"ix":3},"m":1,"ix":2,"nm":"Trim Paths 1","mn":"ADBE Vector Filter - Trim","hd":false}],"ip":0,"op":200.000008146167,"st":0,"bm":0}],"markers":[]}